{"cameraMode":{"drawMode":0,"name":"Shaded","section":"Shading Mode"},"sceneLighting":false,"audioPlay":false,"sceneViewState":{"m_AlwaysRefresh":false,"showFog":true,"showSkybox":false,"showFlares":true,"showImageEffects":true,"showParticleSystems":true,"showVisualEffectGraphs":true,"m_FxEnabled":true},"in2DMode":false,"pivot":{"x":0.6910973787307739,"y":0.6673328876495361,"z":1.7478790283203126},"rotation":{"x":-0.1043018326163292,"y":0.8852182626724243,"z":-0.38456982374191286,"w":-0.24045293033123017},"size":2.708951711654663,"orthographic":false}