{"cameraMode":{"drawMode":0,"name":"Shaded","section":"Shading Mode"},"sceneLighting":true,"audioPlay":false,"sceneViewState":{"m_AlwaysRefresh":false,"showFog":true,"showSkybox":true,"showFlares":true,"showImageEffects":true,"showParticleSystems":true,"showVisualEffectGraphs":true,"m_FxEnabled":true},"in2DMode":false,"pivot":{"x":-0.35301685333251955,"y":-1.2901920080184937,"z":3.8398475646972658},"rotation":{"x":-0.24859248101711274,"y":-0.16436685621738435,"z":0.04286140576004982,"w":-0.9536164402961731},"size":4.545040130615234,"orthographic":false}